Fornavn,Etternavn,Brukernavn,Passord
Archie ,Hogg,,
Akeem ,Knowles,,
Adyan ,Christie,,
Yousef ,Pittman,,
Fay ,Mcmillan,,
Rylan ,Jefferson,,
Mikayla ,Talley,,
Karen ,Gomez,,
Kiaan ,Kay,,
Gino ,Villarreal,,
Sammy-Jo ,Spencer,,
Ronan ,Dillard,,
Christiana ,Payne,,
Sahar ,Franco,,
Naeem ,Monaghan,,
Ariella ,Markham,,
Bentley ,Barclay,,
Carlo ,Grey,,
Mikael ,Stephens,,
Hilda ,Keeling,,
Humairaa ,Pemberton,,
Jovan ,Sheldon,,
Arham ,Carroll,,
Zayna,Berger,,
Amar ,Nicholls,,
Josiah ,Hutchings,,
Sayed ,Meza,,
Hazel,Bowers,,
Ava-Rose,Nieves,,
Cassandra,Mcdermott,,
Lucinda,Lindsey,,
Clarice ,Wilkes,,
Corbin,Lara,,
Kamran ,Mathews,,
Shantelle,Wright,,
Della ,Dougherty,,
Jayde,Mcgowan,,
Rahim,Delacruz,,
Cecily,Franklin,,
Diane,Gilmore,,
Natalia,Bray,,
Anabella,White,,
Brenda,Garcia,,
Sylvia,Rangel,,
Ismaeel,Moody,,
Isha,Price,,
Helena,Draper,,
Esmee,Sexton,,
Forrest,Allen,,
Aleyna,Findlay,,
Daniella,Marks,,
Giacomo,Foreman,,
Shakil,Montoya,,
Otto,Santana,,
Zoe,Talbot,,
Saskia,Cotton,,
Cieran,Bartlett,,
Dorian,Ware,,
Ariya,Nielsen,,
Tiarna,Plummer,,
Chyna,Arnold,,
Jaspal,Cardenas,,
Nina,Schaefer,,
Louie,Monroe,,
Lula,Derrick,,
Alexa,Robinson,,
Anaya,Miller,,
Judith,Burris,,
Alec,Holman,,
Emaan,Mayo,,
Clementine,Hayden,,
Kia,Whelan,,
Beatrice,Ray,,
Jamie-Leigh,Holder,,
Umaima,Mcneill,,
Logan,Baird,,
Moses,Contreras,,
Efa,Goulding,,
Nichole,Mcbride,,
Lacey-Mai,Santiago,,
Jamila,Dale,,
Janice,Marquez,,
Priyanka,Matthews,,
Milo,Peters,,
Saba,Sinclair,,
Presley,Bob,,
Matteo,Molloy,,
Caio,Corrigan,,
Roksana,Paine,,
Phillippa,Preston,,
Kareena,Murphy,,
Kathleen,Murray,,
Sanjeev,Norton,,
Dione,Howarth,,
Cruz,Spence,,
Matas,Castillo,,
Kelvin,Henson,,
Magnus,Kane,,
Junayd,Perry,,
Anayah ,Lucas,,
